Event_Title;Event_Description;Relevant_Quality;Event_Duration;Cost_Per_Day
The Spirit Public Viewing;Be the highlight at our public viewing! Delight the audience with your spontaneous style to maintain the atmosphere and entertain the spectators.;Improvisation;5;25
VIP Attendant and Event Ambassador;You are the face of our event for VIPs. Be punctual, friendly, and ensure that our guests feel appreciated.;Reliability;3;20
Children's Darling and Enchanter;Enchant our youngest visitors with your charm and playful interaction. Make children laugh and give them unforgettable moments.;Charisma;4;22
Street Parade Star and Master of Spontaneity;Be a star in our lively street parade! With your improvisational skills, captivate the crowd and create exhilarating entertainment.;Improvisation;6;18
Event Announcer and Organizational Genius;As the event announcer, provide important information and ensure a smooth flow. Be reliable and precise to perfect the event.;Reliability;2;30
Time Travel Treasure Hunt;Embark on a thrilling time travel treasure hunt where improvisation is key to solving historical riddles and challenges from different eras.;Improvisation;6;28
Galactic Explorer's Adventure;Join the Galactic Explorer's Adventure, where your charisma will be tested as you entertain alien creatures on an interstellar journey.;Charisma;5;24
Reliability Olympics;Compete in the Reliability Olympics, showcasing your reliability and precision in a series of challenging tasks and events.;Reliability;4;22
Mystery Masquerade Ball;Attend the Mystery Masquerade Ball and use your improvisation skills to mingle with masked guests, uncover secrets, and solve a thrilling mystery.;Improvisation;3;20
Enchanted Forest Quest;Embark on an Enchanted Forest Quest, where your charisma will charm mythical creatures and characters in a magical realm.;Charisma;4;25
Steampunk Invention Expo;Showcase your creativity and reliability at the Steampunk Invention Expo, where you'll present your innovative steam-powered contraptions.;Reliability;5;28
Circus Spectacle Showdown;Compete in the Circus Spectacle Showdown, where your improvisation and charisma will shine during extraordinary circus performances.;Improvisation;6;26
Time Management Escape Room;Test your reliability and precision in the Time Management Escape Room, solving time-sensitive puzzles to escape from different historical periods.;Reliability;4;23
Fairy Tale Festival Parade;Be the star of the Fairy Tale Festival Parade, where your charisma will enchant spectators as you bring beloved fairy tale characters to life.;Charisma;3;21
AI vs. Human Improv Battle;Participate in the AI vs. Human Improv Battle, where your improvisation skills will be put to the test against an artificial intelligence opponent.;Improvisation;5;27
Underwater Extravaganza;Dive into the Underwater Extravaganza, where your charisma will mesmerize sea creatures and underwater spectators alike.;Charisma;4;23
Stealthy Spy Mission;Embark on a Stealthy Spy Mission, testing your improvisation and reliability as you navigate high-stakes espionage and intrigue.;Improvisation;6;26
Galactic Chef Challenge;Show off your improvisation skills as a Galactic Chef, competing in interstellar cooking challenges for alien food enthusiasts.;Improvisation;5;24
Time-Bending Music Concert;Take the stage at the Time-Bending Music Concert, where your charisma will captivate the audience as you play tunes from different eras.;Charisma;3;20
Legendary Creatures Safari;Embark on a Legendary Creatures Safari, using your reliability and precision to capture magical creatures for a mythical wildlife reserve.;Reliability;4;21
Robot Rebellion Battle;Join the Robot Rebellion Battle, where your charisma will inspire a team of rebels to stand against a rogue army of malfunctioning robots.;Charisma;5;25
Wild West Showdown;Test your improvisation and reliability in the Wild West Showdown, a fast-paced competition of cowboy skills and dueling showdowns.;Improvisation;4;22
Futuristic Fashion Show;Be the star model at the Futuristic Fashion Show, showcasing your charisma as you strut in cutting-edge fashion designs.;Charisma;3;19
Secret Agent Escape Room;Put your reliability and precision to the test in the Secret Agent Escape Room, solving espionage-themed puzzles to uncover the truth.;Reliability;5;27
Fantasy Dragon Racing;Compete in the adrenaline-pumping Fantasy Dragon Racing tournament, where improvisation and reliability are crucial in this mythical sport.;Improvisation;6;29
Pixelated Adventure Quest;Embark on a Pixelated Adventure Quest, using your charisma to charm retro video game characters in a nostalgic 8-bit world.;Charisma;4;23
Time Traveler's Dilemma;Solve the Time Traveler's Dilemma, a mind-bending puzzle challenge that demands improvisation and reliable decision-making.;Reliability;6;26
Medieval Jousting Tournament;Participate in the Medieval Jousting Tournament, where your charisma will captivate the crowd during thrilling knightly duels.;Charisma;3;21
Superhero Training Bootcamp;Enroll in the Superhero Training Bootcamp, where your reliability will be put to the test in a series of heroic challenges.;Reliability;4;22
Extraterrestrial Art Expo;Showcase your creativity and improvisation at the Extraterrestrial Art Expo, where alien art enthusiasts await your out-of-this-world masterpieces.;Improvisation;5;25
Time Bender's Puzzle Palace;Navigate through the Time Bender's Puzzle Palace, where your charisma will help you enlist the aid of ancient puzzle guardians.;Charisma;6;28
Enchanted Garden Soiree;Be the charismatic host of the Enchanted Garden Soiree, where you'll entertain mystical creatures and ethereal guests.;Charisma;3;20
Time Loop Adventure;Embark on a mind-bending Time Loop Adventure, where your reliability will be essential in solving complex temporal puzzles.;Reliability;6;24
Alien Language Diplomacy;Utilize your charisma to negotiate intergalactic treaties in the Alien Language Diplomacy summit, bridging communication gaps with extraterrestrial beings.;Charisma;4;22
Time-Traveling Circus Extravaganza;Join the Time-Traveling Circus Extravaganza, where your charisma will entertain audiences across different historical periods with mesmerizing acts.;Charisma;6;26
High-Tech Escape Room Challenge;Test your improvisation and reliability in the High-Tech Escape Room Challenge, where you'll need to solve futuristic puzzles to escape.;Improvisation;5;23
Artificial Intelligence Art Showdown;Compete in the Artificial Intelligence Art Showdown, demonstrating your creativity and improvisation as you collaborate with AI to create innovative artworks.;Improvisation;4;21
Magical Potion Brewing Competition;Showcase your reliability and precision in the Magical Potion Brewing Competition, where you'll concoct spells and elixirs under time pressure.;Reliability;3;19
Ancient Mythology Role-Playing Adventure;Embark on an Ancient Mythology Role-Playing Adventure, where your charisma will immerse you in legendary tales as you interact with mythical beings.;Charisma;5;24
Time-Warping Dance Battle;Join the Time-Warping Dance Battle, where your charisma and improvisation will impress the judges as you dance through different eras.;Charisma;4;22
Interdimensional Cuisine Cook-Off;Take part in the Interdimensional Cuisine Cook-Off, using your creativity and improvisation to prepare dishes from parallel universes.;Improvisation;6;25
Steampunk Robot Showdown;Test your reliability and precision in the Steampunk Robot Showdown, where you'll pilot intricate steam-powered robots in thrilling duels.;Reliability;5;23
Astro-Explorer's Galactic Safari;Embark on an Astro-Explorer's Galactic Safari, where your charisma will captivate alien species as you document unique interstellar wildlife.;Charisma;4;21
Enchanted Music Box Melodies;Use your improvisation and reliability to repair an Enchanted Music Box, uncovering the lost melodies that can restore harmony to a magical realm.;Improvisation;5;24
Time Detective Mystery Case;Solve the Time Detective Mystery Case, relying on your charisma to interrogate suspects and uncover secrets across different time periods.;Charisma;6;26
Cyberpunk VR Racing Tournament;Compete in the Cyberpunk VR Racing Tournament, where your reliability and precision will determine victory in high-speed futuristic races.;Reliability;4;22
Jurassic Dino Park Adventure;Embark on a Jurassic Dino Park Adventure, where your charisma will impress dinosaur trainers and visitors in a thrilling prehistoric park.;Charisma;3;20
Techno Wizard's Coding Challenge;Showcase your creativity and improvisation in the Techno Wizard's Coding Challenge, where you'll program AI companions to tackle complex quests.;Improvisation;6;28
Fantasy Realm Chess Masters;Test your reliability and precision in the Fantasy Realm Chess Masters, where your strategic skills will be challenged against magical opponents.;Reliability;5;25
Retro Arcade Time Warp;Experience the Retro Arcade Time Warp, where your charisma will draw crowds as you excel in classic arcade games from different decades.;Charisma;4;23
Time Travel Photography Expedition;Embark on a Time Travel Photography Expedition, using your charisma to capture stunning shots of historical events and ancient civilizations.;Charisma;3;19
Neon Noir Mystery Noir;Immerse yourself in the Neon Noir Mystery Noir, using your improvisation and reliability to solve a gripping cyberpunk detective case.;Improvisation;5;23
Aquatic Fantasy Art Gala;Showcase your creativity and improvisation in the Aquatic Fantasy Art Gala, where you'll create underwater masterpieces for enchanted art enthusiasts.;Improvisation;4;21
Mars Colony Builder Challenge;Lead the Mars Colony Builder Challenge, demonstrating your reliability and precision as you establish a sustainable colony on the Red Planet.;Reliability;6;27
The Great Banana Peel Race;Join the hilarity of The Great Banana Peel Race, where your improvisation will come in handy to navigate slippery obstacles.;Improvisation;4;20
Clumsy Clown Showdown;Compete in the Clumsy Clown Showdown, showcasing your charisma as you perform slapstick acts and silly mishaps in a circus-style showdown.;Charisma;3;18
Penguin Waddle Olympics;Participate in the Penguin Waddle Olympics, where your reliability will be tested in waddling races and quirky penguin-themed challenges.;Reliability;2;15
Goofy Giggles Comedy Club;Take the stage at the Goofy Giggles Comedy Club, using your improvisation to entertain the audience with hilarious jokes and antics.;Improvisation;5;22
Silly Hat Fashion Parade;Be the center of attention in the Silly Hat Fashion Parade, strutting your charisma while showcasing the quirkiest and most absurd headwear.;Charisma;3;19
Crazy Cat Lady's Adventure;Embark on the Crazy Cat Lady's Adventure, where your reliability and precision will be put to the test while rescuing mischievous feline friends.;Reliability;4;21
Alien Karaoke Extravaganza;Unleash your charisma and entertain alien spectators at the Alien Karaoke Extravaganza, singing and dancing to funky intergalactic tunes.;Charisma;5;24
Unicorn Rodeo Showdown;Test your improvisation in the Unicorn Rodeo Showdown, as you ride whimsical unicorns in hilarious rodeo-style challenges.;Improvisation;4;23
Zany Obstacle Course Chaos;Navigate through the Zany Obstacle Course Chaos, where your reliability will be challenged in a course filled with wacky traps and surprises.;Reliability;3;18
Comical Mime Street Parade;Join the Comical Mime Street Parade, using your charisma to entertain spectators with silent but hilarious mime performances.;Charisma;2;17
Sloppy Pie Eating Contest;Compete in the Sloppy Pie Eating Contest, showcasing your improvisation and charisma as you devour messy pies with gusto.;Improvisation;4;20
Cheesy Joke Stand-Up Show;Take the mic at the Cheesy Joke Stand-Up Show, where your charisma will delight the audience with a series of intentionally cheesy jokes.;Charisma;3;19
Funny Farm Animal Olympics;Participate in the Funny Farm Animal Olympics, where your reliability will be tested in farm-themed events with unpredictable and humorous twists.;Reliability;5;22
Whacky Dance-off Extravaganza;Bust your funkiest moves at the Whacky Dance-off Extravaganza, using your charisma and improvisation to out-dance zany opponents.;Charisma;6;24
Mischievous Prankster Adventure;Embark on the Mischievous Prankster Adventure, relying on your reliability to execute hilarious pranks while avoiding getting caught.;Reliability;4;21
Crazy Scientist's Lab Mishaps;Work in the Crazy Scientist's Lab, where your improvisation will be crucial in handling wild experiments and comical lab mishaps.;Improvisation;5;23
Wacky Water Balloon Frenzy;Partake in the Wacky Water Balloon Frenzy, where your reliability and precision will be challenged in fast-paced and splashy water balloon games.;Reliability;3;18
Silly Face Art Contest;Showcase your creativity and improvisation in the Silly Face Art Contest, where you'll paint funny and absurd expressions on willing participants.;Improvisation;4;20
Clumsy Waiter Challenge;Take on the Clumsy Waiter Challenge, showcasing your charisma while serving dishes with hilarious mishaps at a comical restaurant.;Charisma;2;17
Pirate Puns Battle;Engage in the Pirate Puns Battle, using your charisma and wit to deliver the funniest pirate-themed puns in a humorous wordplay showdown.;Charisma;4;21
Joyful Picnic in the Sun;Have a delightful day at the Joyful Picnic in the Sun, where your charisma will bring laughter and happiness to everyone present.;Charisma;2;16
Cheerful Carnival Parade;Join the Cheerful Carnival Parade, showcasing your improvisation skills as you dance and spread happiness among the festive crowd.;Improvisation;3;18
Happy Puppy Adoption Day;Celebrate the Happy Puppy Adoption Day, where your charisma will bring joy to families as they welcome adorable puppies into their homes.;Charisma;4;20
Enchanted Fairy Garden Party;Be enchanted at the Enchanted Fairy Garden Party, using your charisma to create magical moments for guests and fairies alike.;Charisma;5;22
Bubbly Bubblegum Blowing Contest;Participate in the Bubbly Bubblegum Blowing Contest, showcasing your reliability in creating the biggest and happiest bubblegum bubbles.;Reliability;3;19
Giggling Baby Panda Playtime;Join the Giggling Baby Panda Playtime, where your charisma will amuse and entertain adorable baby pandas in a heartwarming setting.;Charisma;2;16
Colorful Holi Festival Celebration;Celebrate the Colorful Holi Festival, using your charisma to spread happiness and positivity through vibrant colors and laughter.;Charisma;4;21
Happy Street Performer Showcase;Take the spotlight at the Happy Street Performer Showcase, entertaining passersby with your improvisation and joyous performances.;Improvisation;3;18
Smiling Balloon Sculpture Workshop;Spread smiles at the Smiling Balloon Sculpture Workshop, using your creativity to craft delightful balloon sculptures for children.;Improvisation;4;20
Butterfly Garden Fluttering Ballet;Perform in the Butterfly Garden Fluttering Ballet, where your charisma will bring a sense of wonder and joy to the audience.;Charisma;5;22
Beaming Sunflower Farm Visit;Enjoy a Beaming Sunflower Farm Visit, where your charisma will brighten the day as you explore stunning sunflower fields.;Charisma;3;19
Happy Dance Flash Mob;Join the Happy Dance Flash Mob, spreading joy and happiness as you dance with a group of enthusiastic and cheerful dancers.;Charisma;4;21
Delightful Dessert Baking Party;Take part in the Delightful Dessert Baking Party, using your creativity to bake and decorate scrumptious treats for a joyful gathering.;Improvisation;2;16
Happy Birthday Surprise Bash;Throw a Happy Birthday Surprise Bash, showcasing your reliability in organizing a heartwarming celebration for a special someone.;Reliability;5;23
Playful Dolphin Encounter;Embark on a Playful Dolphin Encounter, where your charisma will create magical moments while interacting with playful and friendly dolphins.;Charisma;4;20
Smiling Children's Playground Fun;Bring smiles to children at the Smiling Children's Playground Fun, engaging them in joyful games and activities with your charisma.;Charisma;3;18
Sunny Beach Sandcastle Contest;Compete in the Sunny Beach Sandcastle Contest, using your improvisation and creativity to build the happiest and most impressive sandcastle.;Improvisation;4;20
Joyful Community Garden Planting;Contribute to the Joyful Community Garden Planting, where your reliability will help create a beautiful and happy green space for all.;Reliability;3;19
Uplifting Choir Sing-Along;Join the Uplifting Choir Sing-Along, using your charisma to lift spirits as you sing joyous and heartwarming songs with fellow singers.;Charisma;5;22
Happy Family Reunion Picnic;Celebrate a Happy Family Reunion Picnic, where your charisma will foster love and laughter among family members coming together.;Charisma;3;17
Playful Puppies Day Out;Spend a Playful Puppies Day Out, where your charisma will brighten the day as you play and cuddle with adorable and energetic puppies.;Charisma;2;16
Joyful Street Carnival;Join the Joyful Street Carnival, showcasing your improvisation skills as you engage in fun games and activities with cheerful attendees.;Improvisation;3;18
Happy Bunny Adoption Day;Celebrate the Happy Bunny Adoption Day, where your charisma will bring joy to families as they adopt lovable bunnies.;Charisma;4;20
Enchanted Forest Tea Party;Be charmed at the Enchanted Forest Tea Party, using your charisma to create a whimsical and delightful experience for guests and forest creatures.;Charisma;5;22
Bubbly Bubble Bath Fun;Participate in the Bubbly Bubble Bath Fun, showcasing your reliability in creating a relaxing and fun-filled bubble bath experience.;Reliability;3;19
Giggling Baby Koala Encounter;Experience the Giggling Baby Koala Encounter, where your charisma will bring laughter and happiness while interacting with cute baby koalas.;Charisma;2;16
Colorful Kite Flying Festival;Celebrate the Colorful Kite Flying Festival, using your charisma to bring smiles and excitement as you fly vibrant kites in the sky.;Charisma;4;21
Happy Busker's Street Performance;Take the stage as a Happy Busker, entertaining passersby with your improvisation and joyous street performances.;Improvisation;3;18
Smiling Balloon Release Event;Spread smiles at the Smiling Balloon Release Event, using your creativity to organize a heartwarming balloon release for a special occasion.;Improvisation;4;20
Butterfly Garden Yoga Retreat;Find inner joy at the Butterfly Garden Yoga Retreat, where your charisma will create a serene and uplifting yoga experience amidst fluttering butterflies.;Charisma;5;22
Beaming Sunflower Bouquet Delivery;Delight recipients with a Beaming Sunflower Bouquet Delivery, where your charisma will bring happiness through the gift of vibrant sunflowers.;Charisma;3;19
Happy Feet Dance Class;Take part in the Happy Feet Dance Class, using your charisma to encourage joyful dancing and light-hearted fun with fellow participants.;Charisma;4;21
Cupcake Decorating Workshop;Showcase your creativity and improvisation in the Delightful Cupcake Decorating Workshop, where you'll create joyful and delicious treats.;Improvisation;2;16
Happy Retirement Celebration;Throw a Happy Retirement Celebration, showcasing your reliability in organizing a heartwarming event to honor someone's retirement.;Reliability;5;23
Playful Dolphin Water Park;Embark on a Playful Dolphin Water Park adventure, where your charisma will create delightful and interactive experiences with playful dolphins.;Charisma;4;20
Smiling Children's Puppet Show;Bring smiles to children at the Smiling Children's Puppet Show, entertaining them with cheerful and funny puppet performances using your charisma.;Charisma;3;18
Sunny Beach Volleyball Tournament;Compete in the Sunny Beach Volleyball Tournament, using your improvisation and teamwork to spread happiness through friendly competition.;Improvisation;4;20
Joyful Community Art Mural Project;Contribute to the Joyful Community Art Mural Project, where your reliability and creativity will add color and happiness to the neighborhood.;Reliability;3;19
Uplifting Flash Mob Dance;Join the Uplifting Flash Mob Dance, using your charisma and dance moves to surprise and uplift the spirits of unsuspecting onlookers.;Charisma;5;22
Happy Birthday Carnival Celebration;Celebrate a Happy Birthday Carnival Celebration, where your charisma will create a joyous and memorable birthday party for someone special.;Charisma;3;17
Cheerful Bubble Blowing Contest;Participate in the Cheerful Bubble Blowing Contest, showcasing your improvisation and bubbly spirit as you blow mesmerizing bubbles.;Improvisation;4;21
Smiling Petting Zoo Encounter;Experience the Smiling Petting Zoo Encounter, where your charisma will bring delight and joy to visitors as they interact with friendly animals.;Charisma;2;17
Joyful Community Park Cleanup;Contribute to the Joyful Community Park Cleanup, using your reliability to create a cleaner and happier environment for everyone to enjoy.;Reliability;3;18
Happy Family Movie Night;Host a Happy Family Movie Night, showcasing your charisma in organizing a heartwarming movie screening with popcorn and fun for all.;Charisma;4;21
Enthusiastic Dance Party Jam;Join the Enthusiastic Dance Party Jam, using your charisma and dance moves to get everyone grooving to joyful and infectious beats.;Charisma;5;23
Delightful Summer Camp Adventure;Embark on a Delightful Summer Camp Adventure, where your improvisation and cheerfulness will create unforgettable memories with fellow campers.;Improvisation;3;19
Happy Treetop Canopy Tour;Experience a Happy Treetop Canopy Tour, where your charisma will create thrilling and joyous moments as you explore the forest from above.;Charisma;4;22
Colorful Paint Party Extravaganza;Celebrate a Colorful Paint Party Extravaganza, using your charisma to guide participants in a lively and joyous paint-throwing celebration.;Charisma;3;18
Beaming Children's Birthday Party;Organize a Beaming Children's Birthday Party, showcasing your reliability in creating a joyful and entertaining celebration for a young celebrant.;Reliability;4;21
Happy Zoo Animal Feeding Tour;Embark on a Happy Zoo Animal Feeding Tour, where your charisma will create a memorable and interactive experience with zoo animals.;Charisma;2;17
Joyful Roller Skating Fun;Experience Joyful Roller Skating Fun, showcasing your improvisation and cheerful spirit as you glide and twirl on roller skates.;Improvisation;3;19
Smiling Nature Hike Adventure;Embark on a Smiling Nature Hike Adventure, where your charisma will uplift the spirits of fellow hikers as you explore beautiful natural landscapes.;Charisma;4;21
Sunny Lemonade Stand Delight;Run a Sunny Lemonade Stand Delight, using your charisma and creativity to serve refreshing lemonade with a smile and warm hospitality.;Charisma;5;22
Happy Pet Adoption Fair;Participate in the Happy Pet Adoption Fair, where your charisma will help loving families find their perfect furry companions.;Charisma;3;18
Cheerful Karaoke Sing-Off;Join the Cheerful Karaoke Sing-Off, using your charisma and vocal talent to spread happiness through vibrant and entertaining performances.;Charisma;4;20
Smiling Water Balloon Fight;Take part in the Smiling Water Balloon Fight, where your improvisation and cheerfulness will make the water balloon battle a joyful and refreshing experience.;Improvisation;3;17
Colorful Origami Art Workshop;Showcase your creativity and charisma in the Colorful Origami Art Workshop, guiding participants to create delightful and colorful origami masterpieces.;Charisma;4;19
Uplifting Kindness Campaign;Contribute to the Uplifting Kindness Campaign, using your reliability and warmth to spread joy and positivity through random acts of kindness.;Reliability;5;23
Happy Bubble Bath Spa Retreat;Indulge in a Happy Bubble Bath Spa Retreat, where your charisma will create a relaxing and blissful experience of self-care and happiness.;Charisma;2;17
Joyful Outdoor Yoga Class;Join the Joyful Outdoor Yoga Class, using your charisma to lead a peaceful and uplifting yoga session amidst beautiful natural surroundings.;Charisma;3;20
Crazy Chicken Dance-Off;Compete in the Crazy Chicken Dance-Off, where your charisma and improvisation will be put to the test in an uproarious chicken dance competition.;Improvisation;3;18
Hilarious Costume Party;Attend a Hilarious Costume Party, showcasing your creativity and charisma as you dress up in the funniest and most outrageous costumes.;Charisma;4;20
Goofy Grandparent Olympics;Participate in the Goofy Grandparent Olympics, where your reliability will be tested in funny and quirky challenges for spirited grandparents.;Reliability;2;15
Laughing Yoga Class;Join the Laughing Yoga Class, using your charisma to lead a session of contagious laughter and joyous yoga exercises.;Charisma;3;18
Silly Sock Puppet Theater;Put on a Silly Sock Puppet Theater, using your improvisation to entertain the audience with humorous and quirky sock puppet performances.;Improvisation;4;21
Jolly Jester's Comedy Show;Take the stage at the Jolly Jester's Comedy Show, where your charisma will spread laughter with a repertoire of hilarious jokes and antics.;Charisma;5;23
Wacky Potato Sack Race;Race in the Wacky Potato Sack Race, showcasing your reliability and hilarious movements in a goofy and amusing sack race.;Reliability;3;19
Circus Clown Circus;Join the Circus Clown Circus, where your charisma and creativity will shine as you perform side-splitting acts with your fellow circus clowns.;Charisma;4;20
Silly Face Expression Challenge;Participate in the Silly Face Expression Challenge, showcasing your improvisation in creating the silliest and funniest facial expressions.;Improvisation;5;22
Goofy Impersonation Contest;Compete in the Goofy Impersonation Contest, using your charisma and mimicry skills to impersonate famous personalities in a humorous showdown.;Charisma;3;19
Slapstick Comedy Workshop;Attend the Slapstick Comedy Workshop, where your improvisation will be refined as you learn the art of slapstick humor and physical comedy.;Improvisation;4;21
Silly Hat Dance Party;Join the Silly Hat Dance Party, showcasing your charisma as you boogie and groove wearing the wackiest and most eccentric hats.;Charisma;2;17
Comical Animal Olympics;Participate in the Comical Animal Olympics, where your reliability and precision will be tested in hilarious events mimicking animal movements.;Reliability;3;18
Whimsical Puppeteer Extravaganza;Showcase your creativity and charisma in the Whimsical Puppeteer Extravaganza, putting on a whimsical and humorous puppet show.;Charisma;4;20
Crazy Frog Jumping Competition;Compete in the Crazy Frog Jumping Competition, showcasing your improvisation and leaping skills in a fun and quirky frog jumping contest.;Improvisation;5;22
Silly Clown Pie Toss;Take part in the Silly Clown Pie Toss, using your charisma to entertain the crowd with pie-throwing antics and funny reactions.;Charisma;3;19
Laughter Yoga Marathon;Join the Laughter Yoga Marathon, where your charisma will lead a non-stop session of laughter yoga to spread joy and positive energy.;Charisma;4;21
Wacky Egg and Spoon Race;Race in the Wacky Egg and Spoon Race, where your reliability will be tested as you balance and carry an egg on a spoon.;Reliability;2;16
Comedic Improv Battle;Engage in the Comedic Improv Battle, showcasing your improvisation and quick wit as you face off in a hilarious improvisation competition.;Improvisation;3;18
Funny Clown Car Chaos;Join the Funny Clown Car Chaos, where your charisma will entertain the audience as you and fellow clowns pile out of a tiny clown car.;Charisma;4;21
Silly Dancing Flash Mob;Participate in the Silly Dancing Flash Mob, using your improvisation and dance moves to surprise and entertain passersby.;Improvisation;5;23
Whacky Waiter's Restaurant;Work as a waiter at the Whacky Waiter's Restaurant, where your charisma and comedic flair will amuse and delight diners.;Charisma;3;19
Crazy Hair Styling Salon;Work at the Crazy Hair Styling Salon, using your creativity to give clients the wackiest and most humorous hairstyles.;Improvisation;4;22
Silly Animal Impersonations;Show off your charisma by performing Silly Animal Impersonations, imitating various animals in the most humorous and entertaining way.;Charisma;2;17
Laughing Mirror Maze;Navigate through the Laughing Mirror Maze, where your improvisation and humor will entertain visitors as they find their way through the mirrors.;Improvisation;3;19
Funny Face Painting Booth;Run a Funny Face Painting Booth, showcasing your creativity and charisma as you paint comical and whimsical designs on delighted faces.;Charisma;4;21
Wacky Trampoline Bouncing;Bounce on the Wacky Trampoline, showcasing your reliability and comedic movements in a hilarious and entertaining trampoline show.;Reliability;3;18
Silly Dance Off Party;Host a Silly Dance Off Party, using your charisma to encourage guests to show off their silliest dance moves and have a blast.;Charisma;4;20
Jokester's Stand-Up Open Mic;Take the mic at the Jokester's Stand-Up Open Mic, showcasing your charisma with a set of side-splitting jokes and funny anecdotes.;Charisma;5;22
Wacky Chair Racing Derby;Race in the Wacky Chair Racing Derby, using your improvisation and creativity to transform ordinary chairs into amusing racing vehicles.;Improvisation;3;18
Circus Clown Balloon Animal Show;Perform in the Circus Clown Balloon Animal Show, using your charisma to create and give away funny and whimsical balloon animals.;Charisma;4;21
Comedic Magic Show Spectacle;Host a Comedic Magic Show Spectacle, where your charisma and humor will make the audience laugh and marvel at your hilarious magic tricks.;Charisma;2;17
Whimsical Talent Show Extravaganza;Participate in the Whimsical Talent Show Extravaganza, showcasing your charisma and unique talents in a showcase of laughter and fun.;Charisma;3;19
Prankster's Prank War;Engage in the Prankster's Prank War, using your improvisation and wit to outsmart and pull funny pranks on fellow participants.;Improvisation;4;21
Silly Obstacle Course Challenge;Conquer the Silly Obstacle Course Challenge, showcasing your reliability and humor in navigating quirky and amusing obstacles.;Reliability;3;18
Crazy Comedian Roast Night;Take the stage at the Crazy Comedian Roast Night, using your charisma and sharp humor to roast fellow comedians in a good-natured manner.;Charisma;4;20
Whacky Pie Eating Contest;Compete in the Whacky Pie Eating Contest, using your improvisation and hearty appetite to devour pies in the silliest manner possible.;Improvisation;5;23
Amusing Clown Bowling Tournament;Join the Amusing Clown Bowling Tournament, where your charisma will entertain the crowd with funny and unusual bowling techniques.;Charisma;3;19
Funny Face Swap Booth;Run a Funny Face Swap Booth, using your creativity and charisma to create hilarious face swaps for visitors using special effects.;Charisma;4;22
Silly Rubber Chicken Olympics;Participate in the Silly Rubber Chicken Olympics, where your reliability will be tested in a series of wacky and entertaining challenges.;Reliability;2;16
Comical Improv Theatre Workshop;Attend the Comical Improv Theatre Workshop, where your improvisation and comedic timing will be honed through humorous theater exercises.;Improvisation;3;18
Silly Banana Peel Slippery Slope;Slide down the Silly Banana Peel Slippery Slope, where your improvisation will come in handy to navigate the hilariously slippery slope.;Improvisation;4;20
Crazy Karaoke Lip Sync Battle;Compete in the Crazy Karaoke Lip Sync Battle, using your charisma and hilarious lip-syncing skills to entertain the audience.;Charisma;5;23
Goofy Grandma Grand Prix;Participate in the Goofy Grandma Grand Prix, where your reliability will be tested in funny and zany challenges for spirited grandmas.;Reliability;3;18
Hysterical Laughter Club;Join the Hysterical Laughter Club, using your charisma to lead a session of infectious laughter to uplift spirits and spread joy.;Charisma;4;21
Silly Puppet Improv Showdown;Showcase your creativity and improvisation in the Silly Puppet Improv Showdown, putting on a sidesplitting and unpredictable puppet improv show.;Improvisation;5;23
Jolly Jester's Stand-Up Gig;Take the stage at the Jolly Jester's Stand-Up Gig, where your charisma will entertain the audience with a barrage of witty jokes and humor.;Charisma;6;25
Crazy Barrel Roll Race;Race in the Crazy Barrel Roll Race, showcasing your reliability and humorous movements as you roll hilariously inside giant barrels.;Reliability;4;22
Laughing Baby Animal Encounter;Experience the Laughing Baby Animal Encounter, where your charisma will bring joy and laughter as you interact with adorable and playful baby animals.;Charisma;3;19
Colorful Clown Parade;Join the Colorful Clown Parade, showcasing your charisma as you march and spread laughter with fellow clowns in a delightful parade.;Charisma;4;21
Silly Slapstick Talent Show;Participate in the Silly Slapstick Talent Show, using your improvisation and comedic skills to perform uproarious slapstick routines.;Improvisation;5;23
Goofy Alien Impersonation Contest;Compete in the Goofy Alien Impersonation Contest, using your charisma and creativity to portray hilariously quirky extraterrestrial characters.;Charisma;3;18
Whimsical Rubber Duck Race;Race in the Whimsical Rubber Duck Race, showcasing your reliability and comedic flair as you navigate a river of floating rubber ducks.;Reliability;4;20
Laughing Clown Flash Mob;Join the Laughing Clown Flash Mob, using your charisma and clown antics to surprise and brighten the day for passersby.;Charisma;5;24
Silly T-Rex Dance Party;Dance at the Silly T-Rex Dance Party, showcasing your improvisation and charisma as you groove like a T-Rex to hilarious beats.;Improvisation;4;22
Comedic Magic Trick Fails;Perform in the Comedic Magic Trick Fails show, using your charisma to entertain the audience with amusing and humorous magic trick mishaps.;Charisma;3;18
Crazy Coconut Bowling Bonanza;Compete in the Crazy Coconut Bowling Bonanza, where your improvisation and aim will be tested in bowling with coconuts.;Improvisation;4;21
Silly Clown Caravan Adventure;Embark on a Silly Clown Caravan Adventure, using your charisma to entertain and amuse townsfolk as you journey with a merry caravan of clowns.;Charisma;5;22
Goofy Face Swap Frenzy;Participate in the Goofy Face Swap Frenzy, using your creativity and charisma to create hilarious face swaps with friends and family.;Charisma;3;20
Silly Balloon Olympics;Join the Silly Balloon Olympics, showcasing your reliability and humor as you participate in quirky and amusing events with balloons.;Reliability;4;22
Laughing Yoga Dance Party;Attend the Laughing Yoga Dance Party, where your charisma will lead a session of laughter-filled yoga and dance to uplift spirits.;Charisma;5;23
Whacky Potato Cannon Challenge;Compete in the Whacky Potato Cannon Challenge, showcasing your improvisation and accuracy in launching potatoes with comically oversized cannons.;Improvisation;4;20
Circus Clown Pie Fight;Take part in the Circus Clown Pie Fight, using your charisma and comedic timing to engage in a hilarious and messy pie-throwing extravaganza.;Charisma;3;19
Hilarious Mirror Funhouse;Navigate through the Hilarious Mirror Funhouse, where your improvisation and humor will entertain visitors as they encounter amusing reflections.;Improvisation;4;21
Silly Face Paint Freeze Tag;Play Silly Face Paint Freeze Tag, showcasing your charisma and creativity in a game of tag where players are painted with funny faces.;Charisma;5;22
Laughing Rubber Chicken Duel;Engage in the Laughing Rubber Chicken Duel, using your improvisation and humor in a hilarious duel using rubber chickens.;Improvisation;3;19
Goofy Pet Beauty Pageant;Participate in the Goofy Pet Beauty Pageant, showcasing your reliability and charisma as you present your pets in hilarious and quirky categories.;Reliability;4;21
Crazy Pancake Flip Challenge;Compete in the Crazy Pancake Flip Challenge, using your improvisation and pancake flipping skills to create funny and entertaining pancake art.;Improvisation;5;24
Silly Clown Musical Parade;Join the Silly Clown Musical Parade, showcasing your charisma as you march and play lively tunes with fellow clowns in a comical parade.;Charisma;4;20
Hilarious Duckling Racing Derby;Race in the Hilarious Duckling Racing Derby, showcasing your reliability as you cheer on and guide adorable ducklings in a funny and charming race.;Reliability;3;18
Whimsical Face Mask Fashion Show;Participate in the Whimsical Face Mask Fashion Show, showcasing your charisma and creativity in a hilarious runway show of funny face masks.;Charisma;4;21
Silly Mirror Lip Sync Battle;Engage in the Silly Mirror Lip Sync Battle, where your improvisation and comedic flair will be on display as you lip-sync in front of funhouse mirrors.;Improvisation;5;23
Crazy Cat Circus Extravaganza;Join the Crazy Cat Circus Extravaganza, where your charisma and creativity will shine as you perform amusing acts with talented and mischievous cats.;Charisma;3;20
Laughing Dance-off Showdown;Take part in the Laughing Dance-off Showdown, showcasing your charisma and dance moves as you compete in a side-splitting dance battle.;Charisma;4;22
Silly Animal Fashion Parade;Participate in the Silly Animal Fashion Parade, where your reliability and creativity will be tested in dressing up adorable animals in funny costumes.;Reliability;3;18
Goofy Clown Pie Toss;Engage in the Goofy Clown Pie Toss, using your charisma and precision to throw pies at a target while avoiding getting pied yourself.;Charisma;4;22
Whacky Costume Catwalk;Strut your stuff on the Whacky Costume Catwalk, showcasing your charisma as you model outrageous and funny costumes with confidence.;Charisma;5;24
Silly Street Prank Day;Celebrate Silly Street Prank Day, where your improvisation and humor will be put to the test as you pull off hilarious pranks on friends and neighbors.;Improvisation;4;20
Crazy Clown Roller Disco;Join the Crazy Clown Roller Disco, showcasing your charisma and roller-skating skills as you groove and spin around with fellow clowns.;Charisma;3;19
Hilarious Spoon Balancing Act;Perform the Hilarious Spoon Balancing Act, using your improvisation and balance to keep a spoon on your nose while entertaining the audience.;Improvisation;4;21
Silly Pie-Eating Contest;Compete in the Silly Pie-Eating Contest, showcasing your reliability and enthusiasm in devouring pies as quickly and humorously as possible.;Reliability;5;23
Laughing Comedy Sketch Show;Participate in the Laughing Comedy Sketch Show, where your charisma and acting talent will bring uproarious sketches to life on stage.;Charisma;4;20
Goofy Prank Call Showdown;Engage in the Goofy Prank Call Showdown, using your improvisation and wit to make funny prank calls to unsuspecting friends and family.;Improvisation;5;22
Silly Animal Olympics;Compete in the Silly Animal Olympics, showcasing your reliability and humor in a series of entertaining events inspired by animal movements.;Reliability;3;19
Crazy Clown Tug-of-War;Take part in the Crazy Clown Tug-of-War, where your charisma and strength will be put to the test in a hilarious and wacky battle of strength.;Charisma;4;22
Whimsical Face Painting Show;Host a Whimsical Face Painting Show, showcasing your creativity and charisma as you paint funny and imaginative designs on eager faces.;Charisma;5;24
Silly Chicken Parade;Join the Silly Chicken Parade, showcasing your charisma as you march and cluck like chickens with a hilarious group of participants.;Charisma;4;21
Laughing Yoga Comedy Hour;Attend the Laughing Yoga Comedy Hour, where your improvisation will lead a session of laughter-infused yoga exercises and humorous anecdotes.;Improvisation;5;23
Crazy Clown Balloon Battle;Engage in the Crazy Clown Balloon Battle, using your charisma and balloon-twisting skills to create funny and quirky balloon weapons for a playful battle.;Charisma;3;19
Silly Family Game Night;Host a Silly Family Game Night, showcasing your reliability in organizing a series of comical and entertaining games for family members to enjoy.;Reliability;4;21
Goofy Whipped Cream Pie Fight;Participate in the Goofy Whipped Cream Pie Fight, using your improvisation and quick reflexes to dodge and throw pies in a hilarious food fight.;Improvisation;5;24
Laughing Clown Dance Party;Join the Laughing Clown Dance Party, showcasing your charisma and dance moves as you boogie and laugh with fellow clowns and partygoers.;Charisma;4;20
Silly Obstacle Course Relay;Compete in the Silly Obstacle Course Relay, where your reliability and teamwork will be tested in a zany and entertaining relay race.;Reliability;3;18
Crazy Clown Olympics;Participate in the Crazy Clown Olympics, showcasing your charisma and comedic skills in a series of hilarious and amusing clown-themed challenges.;Charisma;4;20
Hilarious Animal Talent Show;Host a Hilarious Animal Talent Show, where your improvisation and creativity will shine as animals showcase their funniest and quirkiest talents.;Improvisation;5;23
Silly Dance Battle Royale;Engage in the Silly Dance Battle Royale, using your charisma and dance moves to outperform opponents in an entertaining and energetic dance-off.;Charisma;3;19
Goofy Magic Mishap Show;Perform in the Goofy Magic Mishap Show, where your reliability and humor will entertain the audience with a series of amusing magic trick mishaps.;Reliability;4;22
Laughing Mirror Mime Show;Take the stage in the Laughing Mirror Mime Show, showcasing your improvisation and charisma as you entertain with humorous and interactive mime performances.;Improvisation;5;23
Silly Pie Roulette Game;Play Silly Pie Roulette, showcasing your charisma and luck as participants spin a wheel to determine which hilarious pie they'll receive in the face.;Charisma;3;19
Crazy Clown Balancing Act;Perform the Crazy Clown Balancing Act, using your improvisation and balance to execute hilariously wobbly and precarious balancing stunts.;Improvisation;4;22
Hilarious April Fool's Day Pranks;Celebrate Hilarious April Fool's Day, where your creativity and charisma will be put to the test in pulling off the funniest and most clever pranks.;Charisma;5;24
Silly Puppet Karaoke Party;Host a Silly Puppet Karaoke Party, showcasing your reliability and entertainment skills as you sing along with puppet friends and interact with the audience.;Reliability;3;18
Laughing Duckling Parade;Join the Laughing Duckling Parade, showcasing your charisma as you lead a group of adorable ducklings in a charming and amusing parade.;Charisma;4;20
Goofy Spaghetti Eating Contest;Compete in the Goofy Spaghetti Eating Contest, using your improvisation and enthusiasm to eat spaghetti with the most entertaining and messy style.;Improvisation;5;22
Crazy Clown Photobomb Showdown;Participate in the Crazy Clown Photobomb Showdown, using your charisma and perfect timing to photobomb unsuspecting people in funny and creative ways.;Charisma;3;20
Hilarious Haunted House Tour;Guide visitors through the Hilarious Haunted House Tour, where your improvisation and humor will entertain and spook guests with funny scares and surprises.;Improvisation;4;22
Silly Face Swap Relay Race;Take part in the Silly Face Swap Relay Race, showcasing your reliability and teamwork as participants swap faces with hilarious masks in a race.;Reliability;3;18
Laughing Zumba Party;Join the Laughing Zumba Party, where your charisma will lead a lively and laughter-filled Zumba session to get everyone dancing and laughing.;Charisma;4;20
Goofy Clown Fashion Show;Participate in the Goofy Clown Fashion Show, showcasing your improvisation and style as you strut and model an array of funny and outrageous clown outfits.;Improvisation;5;22
Silly Animal Language Challenge;Engage in the Silly Animal Language Challenge, using your charisma and creativity to communicate with animal sounds and gestures in a hilarious guessing game.;Charisma;3;19
Crazy Inflatable Obstacle Race;Race in the Crazy Inflatable Obstacle Race, showcasing your reliability and humor as you navigate wacky and bouncy inflatable obstacles.;Reliability;4;21
Hilarious Clown Juggling Show;Perform in the Hilarious Clown Juggling Show, using your charisma and juggling skills to entertain the audience with funny and surprising juggling acts.;Charisma;5;24
Silly Car Horn Symphony;Participate in the Silly Car Horn Symphony, where your improvisation and musical creativity will compose a comical and entertaining symphony using car horns.;Improvisation;4;21
Laughing Scavenger Hunt;Embark on a Laughing Scavenger Hunt, where your charisma and teamwork will lead you to find and collect funny and quirky items in a race against time.;Charisma;3;18
Goofy Clown Talent Show;Host a Goofy Clown Talent Show, showcasing your reliability and creativity as fellow clowns demonstrate their funniest and most unique talents.;Reliability;4;21
Silly Water Balloon Olympics;Compete in the Silly Water Balloon Olympics, using your charisma and aim to participate in water balloon challenges and games filled with laughter.;Charisma;5;23
Crazy Clown Puppet Theater;Perform in the Crazy Clown Puppet Theater, where your improvisation and puppetry skills will entertain the audience with humorous and imaginative puppet shows.;Improvisation;4;22
Hilarious Balloon Animal Workshop;Host a Hilarious Balloon Animal Workshop, showcasing your charisma and balloon-twisting skills as you teach participants to create funny and adorable balloon animals.;Charisma;3;20
Silly Impersonation Battle;Engage in the Silly Impersonation Battle, using your charisma and mimicry talents to impersonate famous characters in a hilarious and entertaining showdown.;Charisma;4;20
Laughing Face Mask Dance-off;Join the Laughing Face Mask Dance-off, showcasing your improvisation and dance moves as you groove and laugh while wearing funny face masks.;Improvisation;5;24
Goofy Clown Olympics;Participate in the Goofy Clown Olympics, showcasing your reliability and humor in a series of clown-themed challenges and competitions.;Reliability;3;18
Hilarious Fake Mustache Parade;Join the Hilarious Fake Mustache Parade, showcasing your charisma as participants don silly and amusing fake mustaches for a delightful and lighthearted parade.;Charisma;4;22
Silly Pie Throwing Relay;Take part in the Silly Pie Throwing Relay, showcasing your reliability and teamwork as participants throw pies to each other in a funny and messy relay.;Reliability;5;23
Laughing Bubble Wrap Stomp;Stomp on the Laughing Bubble Wrap, where your charisma and enthusiasm will lead a joyous and giggly experience of popping bubble wrap.;Charisma;4;21
Goofy Face Painting Race;Compete in the Goofy Face Painting Race, showcasing your improvisation and artistic skills as you paint funny and imaginative designs on participants' faces.;Improvisation;5;24
Silly Animal Impersonation Parade;Join the Silly Animal Impersonation Parade, where your charisma and creativity will shine as participants dress up and imitate funny animal characters.;Charisma;3;19
Crazy Clown Prank Show;Perform in the Crazy Clown Prank Show, using your improvisation and humor to entertain the audience with a series of hilarious and surprising pranks.;Improvisation;4;21
Hilarious Rubber Chicken Relay;Participate in the Hilarious Rubber Chicken Relay, showcasing your reliability and humor as participants pass rubber chickens in a comical and entertaining relay race.;Reliability;3;18
Silly Dance Freeze Party;Join the Silly Dance Freeze Party, where your charisma and dance moves will entertain guests as they dance and freeze to funny and unexpected cues.;Charisma;4;21
Laughing Potato Sack Race;Race in the Laughing Potato Sack Race, showcasing your improvisation and humor as you hop and compete in a comical and spirited potato sack race.;Improvisation;5;23
